Mixture,macrophages,mast,B.naive,B.memory,plasma,T.CD4.naive,T.CD4.memory,T.CD8.naive,T.CD8.memory,NK,pDCs,mDCs,monocytes.C,monocytes.NC.I,neutrophils,Treg,endothelial.cells,fibroblasts,P-value,Correlation,RMSE
ROI_094.dcc,0.138963098847158,0.00483770029877752,0,0,0.0097031746969885,0.0493809864808521,0.205194501094796,0.0571317342853915,0.248777303645136,0,0.00893522312809985,0.0170141889663944,0.0794928930665585,0,0.032199603472613,0.0757435780385799,0.0343375445251901,0.038288469453465,0,0.464215913624625,0.922232445103375
ROI_095.dcc,0.147261507688211,0.00420232649794012,0,0,0.062353636883723,0.0244993558347076,0.0816737630505541,0,0.259228805359209,0.0673594864807944,0.00646745820476608,0.0518507516246016,0.017301410119517,0,0.159127271414169,0.0455415906461794,0.0253407486808744,0.0477918875147535,0,0.535409794678922,0.885095609862673
ROI_096.dcc,0.0952538207846663,0.00554506835686846,0,0,0.104399743373959,0,0.196714348351182,0,0.160919134087258,0,0,0.0795912982535075,0.0538654909605018,0,0.0634776684198507,0.172155532200529,0.0314347149069589,0.0366431803047188,0,0.571490726460645,0.847643159741469
ROI_097.dcc,0.052334681701732,0.0194895649691903,0,0,0.0599711923914222,0,0,0,0.117885401514826,0,0,0.0643377945772366,0.0649472887858498,0,0,0.38578567623054,0.153086374771321,0.0821620250578809,0,0.399988768238079,0.917104947456983
ROI_098.dcc,0.227616393122437,0.0195445502819157,0,0,0,0,0.229320319386757,0,0,0.149917544917364,0.0733125618319603,0,0,0,0.193773563998003,0.0713262627762712,0,0.0351888036852917,0,0.151368661865879,0.9873188060367
ROI_099.dcc,0.102420054836647,0.00428703069567086,0.0608427103822898,0,0.00234715851014157,0,0,0.0170677318249012,0.211195037596149,0.057849258033494,0,0.00470096123332959,0,0,0.338183969705649,0.0687012140486166,0,0.132404873133111,0,0.339486425755645,0.944004627510876
ROI_100.dcc,0.0757156549902728,0.0117835176315779,0,0,0.0970471810338268,0.112564285684707,0.102080586814382,0.0574692945489798,0.126685894800152,0,0,0.064444891826919,0.00583486014435497,0,0.00788846891333847,0.124466395188689,0.0563776839433621,0.157641284479437,0,0.686929078274319,0.790753922391996
ROI_101.dcc,0.169236580857808,0.036706731143009,0,0,0.129743257138919,0,0.0820015926094824,0.057366584224701,0.0868893871446322,0.15857598987647,0,0.0104663459028258,0.0182167877120165,0,0,0,0.0994115484441433,0.151385194945994,0,0.597694889897442,0.850343650263803
ROI_102.dcc,0.17440931101881,0.00214205451927446,0,0,0.0966411064355459,0.0931888783602472,0.138039548141021,0,0.168634402978612,0.0384360299669294,0.00427722121459376,0.0210092778260433,0.0415092080939061,0,0,0.174211259453451,0,0.0475017019915664,0,0.559057849833402,0.90059929399871
ROI_103.dcc,0.0420172871515258,0.0186912614027617,0.190211566066418,0.152389825352021,0.175082648960673,0.0705731782455924,0.0270283136071635,0.020395342502048,0.105113083581457,0.00748501597758428,0,0,0.0654084281310373,0,0,0.0645285187024455,0.0596842873356599,0.00139124298361242,0,0.281321202702996,0.968027463256411
ROI_104.dcc,0,0.0051703981618828,0.154121126625882,0,0.112118012385514,0.0501844697975057,0.259222065855167,0,0.051958260008173,0.163342263214965,0,0.0229595863435524,0.0315352137962607,0,0,0.0882016009624626,0,0.0611870028486348,0,0.38324948349878,0.9465053016476
ROI_105.dcc,0.00153224624654662,0.00889612774726234,0.107972532592448,0.0451013914919171,0.283110856715692,0.0665029537203688,0.142481550528142,0,0.186026045673261,0,0.0171920445950265,0.0183146792172805,0.101168997003083,0,0,0,0,0.0217005744689721,0,0.359139218838103,0.945312179420459
ROI_106.dcc,0,0,0,0,0.138350368570455,0,0.076740052059028,0,0.249603517505388,0.225805902472892,0,0.0322165629860585,0.0226053934625436,0,0,0,0.197104627955509,0.0575735749881257,0,0.359414520796714,0.943988334953918
ROI_107.dcc,0,0.00643251560467255,0,0,0.00360284811531789,0,0,0,0.161858616232288,0.420363511883068,0,0.0289031850059768,0.0241620935196211,0,0.287035778673965,0,0.0536142638655799,0.0140271870995107,0,0.0356114733604205,1.00464412931428
ROI_108.dcc,0,0.0102727928789966,0,0,0,0,0,0,0.23031109308447,0.540272015502807,0,0,0.0344418769028161,0,0.0569193407320185,0,0.125238254049868,0.00254462684902403,0,0.109321714514522,0.994325194873503
ROI_109.dcc,0,0,0,0,0.00275684778410477,0,0,0,0.107150717983516,0.373759454348199,0.108012847095285,0.00754365788479908,0.0139610762848083,0,0.144667355444973,0.20397068030818,0,0.0381773628661349,0,0.0301509886182623,1.00363593796758
ROI_110.dcc,0,0.0308510343259,0.0857121473185023,0,0.2464308890115,0.140331824666626,0.0485338896710461,0.0768236545170595,0.0896668447406748,0,0.00387268167889819,0.0237167380029054,0,0.00422356656480066,0,0,0,0.249836729502087,0,0.694859878670974,0.759836572560628
ROI_111.dcc,0.0184089220512229,0,0,0,0.0920259646988133,0.0906404621683081,0.261468987016273,0.0208487888295282,0.165496654462034,0.00663877142825865,0.00923254838043901,0.0330643542439274,0.0344737401632528,0,0,0.204644768398013,0,0.0630560381599284,0,0.584098609237532,0.901169487497767
ROI_112.dcc,0.0544818000455982,0,0,0,0.141142465301082,0,0.103081511510975,0,0.183316694474038,0.00307919029885242,0,0.0577971180595282,0.0392969947322612,0,0.024159514695346,0.160371799049736,0.00604995191440826,0.227222959918176,0,0.80587043671299,0.685198867010836
ROI_113.dcc,0,0.00570520212178616,0,0,0.00658421117956694,0,0.00134532660859699,0,0.12972739036101,0.0730864095714744,0.255208734301071,0,0,0,0.444851605949506,0.00569240906174551,0.0476269664548936,0.0301717443903494,0,0.257375140281282,0.970494326666118
ROI_114.dcc,0,0.0140023368707247,0.0203687753355508,0,0,0,0,0,0,0.177891018794282,0.133268770962468,0,0,0,0.504228477428275,0.131739023027429,0,0.0185015975812705,0,0.111004526704982,0.994381757900051
ROI_115.dcc,0.115801379918742,0.00341475001275847,0,0,0.159203167565926,0,0,0,0.337557659879149,0,0.0215383530853677,0.0477207281122007,0.0395520945860695,0,0,0.0812765485210755,0.00685550890049227,0.187079809418219,0,0.704304186479123,0.769476115697848
ROI_116.dcc,0.0952278472716313,9.67983419196271e-05,0,0,0.0994147874443478,0.0340998848262187,0.107641516555736,0.0076638849585956,0.0436808753240527,0.098227325025887,0,0.0381679692275965,0.0852938236945973,0,0,0.204899292026185,0.0169694590769677,0.168616536226264,0,0.770476416038903,0.749079937557376
ROI_117.dcc,0.152452749333424,0.00787786207434241,0,0,0.199706157654432,0,0.0688976435607141,0.0581686874156303,0,0,0.0111020800191622,0.0493493419471788,0.0882429938606005,0,0,0.186373273286969,0.0108116838323488,0.167017527015198,0,0.729565012441786,0.750698900976024
ROI_118.dcc,0,0.00505332452285462,0.29679278875142,0.162691433262461,0.00168750058994339,0.0431383404835097,0.146406327247407,0.0290663418447631,0.144468166481307,0,0,0.0170315199329974,0.0282569494043786,0,0,0.0888252092250463,0.0335997149303861,0.00298238332352524,0,0.389405384189163,0.947733663773637
ROI_119.dcc,0.0460058196172817,0,0.0720389793528683,0,0.452327692189076,0,0,0,0.151366262168454,0,0,0.0230817062109621,0,0,0,0,0.191111614126717,0.064067926334641,0,0.501791985748871,0.908860367638549
ROI_120.dcc,0,0,0.024848053159925,0.147626947453847,0.0887435154913237,0.0736463627798925,0,0.0620860427070762,0.0759940364342294,0.334039356940739,0,0.0283498520734104,0.0213808935115423,0,0,0.0234206735860586,0.119864265861956,0,0,0.180155970562685,0.98339863094851
ROI_121.dcc,0,0.0147106422986818,0.0333175385191757,0,0.25685017686862,0,0.0505448712270957,0,0.306851838363977,0,0,0.110769581515389,0,0,0,0.102902570494158,0.122007929254261,0.00204485145864155,0,0.500634617788806,0.870551331400477
ROI_122.dcc,0,0.00966371406624609,0,0,0,0,0.0582335174820552,0,0,0.136928804759314,0.179003409559347,0,0.0912708926992158,0.15936481209385,0,0.310490376250415,0.00981106923262765,0.045233403856929,0,0.217357231906943,0.97507975420591
ROI_123.dcc,0,0.0445043591162318,0,0,0.362952755665042,0.198588723886288,0.0398964218855404,0,0,0.148790017785652,0.112512327339245,0,0.0482300177341977,0,0,0,0,0.0445253765878039,0,0.0926204109240224,0.996815156406981
ROI_124.dcc,0.00497749158895679,0.000503836130854837,0,0,0,0,0,0,0.0410767248229277,0,0.00411827973564447,0.00895766595067133,0.133647228883302,0,0,0.673528549162538,0.119445137343793,0.013745086381312,0,0.0907325923837561,0.999848538979656
ROI_125.dcc,0.0271603896164242,0.00973818514211069,0,0,0.279433355956873,0.0375341674329768,0.146442997758113,0,0.0874112945938904,0.109774627440135,0,0.0173176789973673,0.0598760031429774,0,0,0.0209186192436446,0.152104482174326,0.0522881985011606,0,0.529515055072839,0.911655968062757
ROI_126.dcc,0,0,0.168784734363254,0.164553273284192,0.181104003451763,0.0527368211877426,0.092560491126087,0,0.118759784429096,0.0463862177420126,0.0275341580180288,0,0,0,0,0.112123494000423,0.0215805925612801,0.0138764298361214,0,0.360576074866564,0.967968049102969
ROI_127.dcc,0,0.0155636214262104,0,0,0.32887904938328,0,0,0.013310521455441,0.298903710809396,0,0,0.046198497934868,0,0.0357677324246973,0,0,0.238506360299389,0.0228705062667181,0,0.356050345140406,0.940645396506263
ROI_128.dcc,0.17241711192016,0,0,0,0.0710787623365512,0.0566205990878261,0.028304687337845,0,0.185425812813287,0.0613728829919889,0.0368101269451871,0.0305693456297937,0.0414105309404627,0,0.0800193033023296,0,0.0046532296602163,0.231317607034352,0,0.77191962305571,0.710438329594919
ROI_129.dcc,0.198766495160984,0.000129243731190537,0,0,0.0352242122231019,0.0195470548623292,0,0.0344062920160378,0.0803174608733872,0.0594302636442629,0.00391335128843026,0.018059950235799,0.0699919013220437,0,0.127636149684363,0.0633182780047136,0.0374649718510436,0.251794375102313,0,0.755661988350324,0.70927373215082
ROI_130.dcc,0.0671023074508575,0,0.0188967630755789,0,0.144905900732878,0,0.0479828354122324,0,0,0.0965758876002983,0.00232185606114483,0.0526750413096385,0.0349856789389854,0,0,0.187058670267879,0,0.347495059150508,0,0.778257208150873,0.64677948360544
ROI_131.dcc,0,0,0.0220895133621526,0,0.0716118203341374,0.149280492075851,0.0317851865457352,0.0366185626105101,0.147212473357593,0.035399236816613,0,0.0325487772259825,0.0556487767299517,0,0,0.186553353463897,0.0329059975517119,0.198345809925865,0,0.675976484995952,0.793039138845685
ROI_132.dcc,0.087096396883504,0,0,0,0.0111815741713434,0.109950291927734,0.159562546518912,0,0,0.069903620832795,0.00654131452303824,0.0319051181963822,0.108882024256797,0,0.0740245363031545,0.0984759153453989,0,0.242476661040941,0,0.78185166063223,0.69392267669892
ROI_133.dcc,0.0830672926905082,0.00242947272820561,0,0,0.0619918950100722,0.000712549989934079,0.0641056716870218,0,0.19689882342876,0.0760252189930083,0.0235899506628916,0.0520655659072001,0.140748651137032,0,0.00421876855019362,0.0775632619639032,0.072926390082862,0.143656487168408,0,0.620590929005835,0.809255292718308
ROI_134.dcc,0.0126584956720533,0,0,0,0.0973217476229683,0.0682018395679311,0.195014646383432,0.0451705349200845,0.223686949532892,0.034608330526637,0.020272133186588,0.0378126805396962,0.0497794775831995,0,0,0.164858239053019,0.0165310015694587,0.0340839238420406,0,0.318675864922544,0.954920835391824
ROI_135.dcc,0.0619134182527477,0,0,0,0.0967822506445967,0.0955428859428505,0.0987916168825198,0.0106042153872188,0.134619336665295,0,0.0199262292401462,0.0314058158051272,0.10124399529524,0,0,0.169097717303803,0.0235904706840773,0.156482047896378,0,0.698236471123887,0.794334023587841
ROI_136.dcc,0.000549824969534349,0,0,0,0.302868876713897,0.140647798451741,0.261918099187297,0,0,0.0361703830145716,0.0465528730450572,0.0470044091581275,0.0330963790294598,0,0,0.0463516692637691,0.0503939305561126,0.0344457566104324,0,0.405573809925914,0.930442560595874
ROI_137.dcc,0,0.0115332298789731,0,0,0.0733454798441025,0.125546265872229,0.160259707897841,0.055285104182477,0.0495916321987139,0.103025654495367,0.0395439092281756,0.0417957461001388,0.00161384120229673,0,0,0.165053478771958,0.116919904892899,0.0564860454348275,0,0.44396772175359,0.927123580896499
ROI_138.dcc,0,0,0.215360584473183,0.148034911420454,0.0518042798673116,0.132231541301843,0.161374101051397,0.0905773586127639,0.111372723564554,0,0.0149890817066516,0.00627785354249402,0.0153329385243196,0,0,0.0159387875380127,0.0176806099987586,0.0190252283982557,0,0.36177382394393,0.963967252999674
ROI_139.dcc,0,0.0225640294125126,0.103539043681909,0.124444112378765,0.166264739672892,0.131569854204182,0.156586998802901,0.0167346060634325,0.139593194787002,0,0.00233290172075759,0.0189503661211668,0,0,0,0,0.0448623393143926,0.0725578138400869,0,0.51670949177993,0.919314939039236
ROI_140.dcc,0.040908710993339,0.083368136504462,0,0,0.360443817296114,0.0758396996641537,0.0090124360345146,0,0.099065404009125,0,0.0235182455027046,0.0901137875159891,0.0657607889566119,0,0,0,0.0838126460811335,0.0681563274418523,0,0.589667544381278,0.823625865234576
ROI_141.dcc,0.0388540226390044,0.00346271811540705,0,0,0.0904039633048932,0.227427231619448,0.251345967352563,0.0302094412863168,0.0966128994921588,0,0,0.0475759914341305,0.0194123408218698,0,0,0,0.0799608655123938,0.114734558421815,0,0.550124272762178,0.875316419724894
ROI_001.dcc,0.0684799503030769,0.0360890571105868,0.039648499177842,0,0.00802067111099861,0,0,0,0.143794396376477,0.130569958673341,0.00656399082156043,0.0104460380871776,0,0,0.0395501784849672,0.190427050569288,0.221868815384754,0.10454139389993,0,0.449026713395568,0.914432843407572
ROI_002.dcc,0,0,0.0612310011938048,0,0.174399340518679,0,0,0,0.0587991134027313,0.0107249427831862,0.108725607191372,0,0.0828786752354754,0,0.407601127147278,0,0.0707238313862452,0.0249163611412282,0,0.139525040477967,0.989850939087574
ROI_003.dcc,0.0218063369289442,0.0188376931560035,0,0.00379892982151589,0,0,0,0,0.209412872486658,0,0,0.0071558363430196,0,0.0373600584221591,0.197862924331193,0.349776211784567,0.0698380405267733,0.084151096199167,0,0.130893443777004,0.990841554574671
ROI_004.dcc,0,0.0741680858179873,0.0023262773711639,0,0.118125997289019,0.147665418599717,0.0961281331979865,0.108773566777389,0.00255883949816837,0.344736132132938,0,0.00703228732269987,0.00314608134150378,0,0,0,0.0325198144722303,0.062819366179196,0,0.165349478603067,0.985471223921722
ROI_005.dcc,0.140789015467276,0.0040058317294582,0,0,0.0239183096470794,0.072878468601112,0.228862784128709,0,0.102495122729391,0.0294299078838605,0.012806483939673,0.0202207380845824,0.095935268380246,0,0.0144156519814412,0.118606218238596,0.0468338898373919,0.0888023093511841,0,0.666963965826752,0.844646777561593
ROI_006.dcc,0.112990043954086,0,0,0,0.0363170319905378,0.00503209433216733,0.176794778994497,0,0.179854108906005,0.0213162709129966,0.00985843887282613,0.0125747640825777,0.0633008963525388,0,0.0782059194076274,0.00400843823239272,0.0534553052132165,0.246291908748531,0,0.758746946329916,0.717747134294631
ROI_007.dcc,0.28515577080775,0,0,0,0.0388408525055738,0.0432281378616068,0.148854351777809,0,0.0658557839301011,0.0518056378851599,0,0.0598614502924596,0.0109083130089992,0,0,0.101054143113682,0,0.194435558816859,0,0.705016230035962,0.748941237969827
ROI_008.dcc,0.136848378008553,0,0,0,0,0,0.0262307918674087,0,0,0,0,0.0106855104308352,0,0.120095289499907,0.303720612482724,0.253530120134821,0,0.148889297575751,0,0.224808385593303,0.975093894655819
ROI_009.dcc,0.0433004357591403,0,0.00829147463234999,0,0.0128860748791313,0,0,0,0.173016138311314,0.210073833860066,0.0506958852687468,0,0.0156807510082338,0.0439828663902151,0.252213485656839,0,0.0291373746487952,0.160721679585168,0,0.261931131742277,0.963734916144598
ROI_010.dcc,0,0.0291530808776473,0,0,0.161822184339762,0,0,0,0,0.0048891309399778,0,0.0186474501803293,0.00762273766478656,0,0.465386326282534,0.202122329581019,0.0501817850977826,0.0601749750361612,0,0.147883801315465,0.988053584089098
ROI_011.dcc,0.437155929484567,0,0,0,0.100837452622009,0,0.0465122557803968,0,0.082396886630553,0.0352012860435685,0,0.00044863256558152,0.0310925764163238,0.0571669827458913,0,0,0.0290653080276362,0.180122689683473,0,0.680280896919113,0.781415207536941
ROI_012.dcc,0.295595455228495,0,0,0,0.118215292928204,0,0.0563499493203416,0,0.090170888518246,0.00778846556577518,0,0,0,0.0344071526627534,0,0.149361985323631,0,0.248110810452553,0,0.721242996214777,0.740119251211031
ROI_013.dcc,0.192886872528436,0.0367350891673928,0,0,0.0245798517058925,0.198740142883252,0.133207480655727,0,0,0,0.00833059760933579,0.0115766181082756,0,0.0242140536452173,0.103319384755869,0,0,0.266409908940601,0,0.783188282873182,0.690656959843318
ROI_014.dcc,0.0802481161747122,0.0510458726952343,0.0025768681532674,0,0.0173349824329182,0.11208629669354,0.133492182226575,0.0305065021310447,0.195990071555962,0.00340700423171637,0,0.0257422030128247,0,0.00504495237781878,0.00859215597661717,0.223011675582171,0.0924699581393356,0.0184511586162631,0,0.425539708689231,0.942071633017525
ROI_015.dcc,0.0882394434651626,0.00629115925448672,0.0876232213902483,0.00117947793629022,0.00968251910368422,0.18347730620839,0.190214112428771,0.150389868160272,0.107364849010002,0,0,0.0410937594789095,0.00383688879704508,0,0,0.0478498354109448,0.0764930980389301,0.00626446131686386,0,0.483090996077598,0.919661455050467
ROI_016.dcc,0.403671789952842,0.0257611233346703,0,0,0.08907146303846,0,0.00273311725704516,0,0.160453924821796,0,0.00631361590983918,0.01175298741674,0.187794749236568,0,0.0240339512343632,0.003153145194518,0.0542661306101754,0.0309940019929833,0,0.756683556709477,0.745556463498859
ROI_017.dcc,0,0.0153406049787242,0,0,0.073423158242232,0,0.038426704457086,0,0.134565020457911,0,0.100588640663031,0.0312686435565098,0.0677915813537009,0,0,0.213082489859202,0.218180788423926,0.107332368007678,0,0.279207218819246,0.958712196326147
ROI_018.dcc,0.0469688353210414,0.0250816397156557,0.0857540519963758,0,0.173955706680676,0,0,0,0.13339217043646,0,0.0773614855700351,0,0.0752890435820679,0,0.0233765206239908,0.107206303958582,0.240611715472999,0.011002526642115,0,0.265349257374755,0.965499167236965
ROI_019.dcc,0,0.0481704696518327,0.101175771704844,0,0,0,0,0.158784894793135,0,0,0.226932060061978,0,0,0.151056015200348,0,0,0.218511574033975,0.0953692145538871,0,0.241321622506771,0.97019035478139
ROI_020.dcc,0.0219001358327399,0.0157245006281467,0,0,0.194459007534726,0.0925766987862773,0.0558931222291667,0.0367564491171721,0.0664069133252125,0.0750784285203069,0.0352530303578446,0.0163387502735197,0,0.00133473840075066,0.0976940574775486,0,0.23177427944518,0.0588098880714077,0,0.546122806724489,0.908362555009348
ROI_021.dcc,0.00802023021603252,0,0,0,0.354523355217891,0.102000999483364,0.0893469485133698,0,0,0.118135206663916,0.0222286459304618,0.0194285855994069,0.0732265498161012,0,0,0,0.182370584474227,0.0307188940852289,0,0.473424520721037,0.920755437461056
ROI_022.dcc,0.0521753461192312,0.0170651119061809,0,0,0.223090052289499,0,0.0204440260503932,0,0.173071965764583,0,0.034387418959041,0,0.00904947806891864,0.000129513386005705,0,0.215028950028016,0.228587930724235,0.0269702067038965,0,0.395401279429744,0.949425909417552
ROI_023.dcc,0.0925338214612713,0,0.0136775529068537,0,0.00959821727744277,0.0988937487443621,0.246616633958692,0.0582366924251218,0.278887227345877,0,0.0190844215735188,0.0293136534391746,0.0116619990917103,0,0,0.107781977586432,0.014687469490139,0.0190265846994057,0,0.37807301003935,0.949527139134077
ROI_024.dcc,0.0746915330433704,0.0038214455563317,0.0147818574243665,0,0.0632264765219172,0.150702957047528,0.211981573749681,0.0269009006310265,0.20497222734311,0,0,0.0328553674027895,0,0,0,0.18461537609958,0.0101705347619484,0.0212797504183504,0,0.309315773606083,0.962211383936738
ROI_025.dcc,0.167776228029797,0,0.124470408090585,0,0.0727167432247172,0.13953747655579,0.161288700809602,0.0326772888419078,0.105734783678582,0.00994536028409714,0.0352483007093228,0.0119082575515734,0.0188965251623635,0,0,0.0801730251642271,0.0027092834244111,0.036917618473023,0,0.349992708983857,0.95147761171322
ROI_026.dcc,0,0,0,0.00299272046680945,0,0,0,0,0.219832083273173,0.127839180048276,0.00264480012244623,0.0295258386960918,0,0.0776687791723361,0.199093508741977,0,0.0768853071418251,0.263517782337066,0,0.542310382628585,0.841707273273258
ROI_027.dcc,0.156834860235641,0,0,0,0,0,0,0,0.00542147061454455,0.125902719216669,0,0.0138598991246013,0.0017339132329705,0,0.421367126044781,0.174068470801111,0.0117975794453751,0.0890139612843068,0,0.286901369871242,0.960424515658079
ROI_028.dcc,0,0,0.198477593677144,0.0201989731386706,0,0,0.0882061676209345,0,0.111893230647003,0,0,0,0.00171515151711087,0,0.206948618199097,0.294392780826284,0.00294948457777872,0.0752179997959768,0,0.473497975934962,0.940383697843509
ROI_029.dcc,0.611111953305948,0.000297351939736861,0,0,0,0,0.0255100140566435,0,0,0.09932258713218,0.00533443989023554,0,0.0994136276488887,0,0,0,0,0.159010026026367,0,0.804785875688974,0.687228941400016
ROI_030.dcc,0.530465288570771,0,0,0,0.197628864420651,0,0.00857726082394993,0,0.0209974641901571,0.00260347192633163,0,0.0117488602700585,0.0452357047676113,0,0,0.0913464412560293,0,0.09139664377444,0,0.700564115319313,0.785783040504689
ROI_031.dcc,0.434119212160247,0,0,0,0.0546229059917886,0,0.0502188164812544,0,0.0326624732221208,0.121769433463379,0,0.0440380949883138,0.103570378855565,0,0,0,0,0.158998684837331,0,0.755632984164255,0.705447030450222
ROI_032.dcc,0.00374525706263545,0,0.0864176619442612,0.0419352317094958,0.127802373573805,0.0715818410018645,0.0651558599254047,0.107684897221116,0.278707450435081,0,0.0528700960050457,0.0117821478535816,0.0567464019883657,0,0.00706138573721732,0.0606460309190829,0.00321014257886045,0.0246532220441828,0,0.366966567166068,0.95598228921943
ROI_033.dcc,0,0,0.364410584211064,0.162238834131049,0.0596732693019541,0.0421518428798521,0.153111917720317,0,0.103171471126646,0.0173004054350231,0,0.0125744279807012,0,0,0,0.0447941815438766,0,0.0405730656695177,0,0.298413016345959,0.96370359316811
ROI_034.dcc,0.347910066351515,0,0,0,0.0982634733698511,0.0899482372929666,0.108520519191113,0.0754545496118569,0.133925601415917,0.0188027835231306,0.00348097467078323,0.00666269346575743,0.0139897762026321,0,0,0.0399893380369416,0.0466692918251291,0.0163826950424055,0,0.455919681599348,0.921400582230777
ROI_035.dcc,0,0.0568882902208395,0.139667960845689,0.113698773007237,0.353227933214589,0.0258363730001368,0.042000288811427,0.000259142298553093,0.152160784147843,0.00520968107585633,0,0.00998353594668549,0,0,0,0,0.0211420128710354,0.0799252245601087,0,0.396990828430339,0.938851397180384
ROI_036.dcc,0.116931261731406,0,0,0,0.050173572591806,0,0.0721127463697332,0.109019021480513,0.331055082929269,0,0,0.0282283294662316,0.0804432224247543,0,0,0.0463484705781578,0.132963912994424,0.0327243794337053,0,0.5290716865106,0.896278203665321
ROI_037.dcc,0.00294575243154026,0.0167009618594895,0.0288782840842756,0,0,0.168116719036825,0.0968940972858366,0.14524824757816,0.193653862482926,0,0.0259089999388237,0.0238540200770156,0,0,0.0031590763625033,0.0327939041963676,0.250624347111886,0.0112217275543515,0,0.387700431652719,0.947061682283696
ROI_038.dcc,0,0,0.00301337135850178,0,0.024797917928037,0,0,0.149862558772934,0,0.0845943422615047,0.0749293183223644,0.0312713181999198,0.0304311818852496,0,0,0,0.263509124004223,0.337590867267266,0,0.754955299701081,0.670203042636468
ROI_039.dcc,0.179756717987972,0.0391585832844546,0.0837353694981483,0,0,0,0,0,0.115928752951399,0.236180154628974,0.00898333146508456,0.00260357645195068,0.00110156419762628,0,0.0824228271824925,0.250129122351898,0,0,0,0.051063502503823,1.00168078329739
ROI_040.dcc,0,0.0236142492542458,0,0,0.0700207444460932,0,0.141735753719188,0,0.174461099294577,0,0.021662489266194,0.0334495589625111,0,0.0363684081716123,0.178184495858796,0.193828776634438,0.082570253979974,0.0441041704123709,0,0.283767786960976,0.964294200108748
ROI_041.dcc,0.0280598602270094,0.0315131760080975,0.0529457910851324,0,0.00225607504903609,0,0,0,0.228554484360465,0,0.0567561266556475,0.0526811123477854,0,0.0502742658378769,0,0,0.236523888257707,0.260435220171242,0,0.675121816944597,0.753262325353937
ROI_042.dcc,0.0128171136755251,0.0356185488401612,0,0.0930557371379069,0.133621650640743,0.0694678163441386,0.118159861120921,0.00335246430924348,0.103921971737245,0.0814587502489388,0,0.0377404763996739,0,0.0151570828504681,0,0,0.152342042418274,0.143286484276762,0,0.547976526702044,0.866177165269697
ROI_043.dcc,0.115807178935076,0.00411534951059493,0,0,0.146403110260645,0.0458210292882234,0.113405505281076,0.0365518807213894,0.151127363186689,0.0418245476307732,0,0.0491105732037546,0.00948697778676511,0,0,0.0666344066014677,0.117093428882518,0.102618648711028,0,0.581154362602301,0.859762659268914
ROI_044.dcc,0,0,0.234631999692931,0.196795172018403,0.19312996474969,0.0914247945978151,0.165525519008573,0,0.0575868582744122,0.0197346711676701,0.00269509197300479,0.00294330246412528,0,0,0,0,0.0305115116245723,0.00502111442880302,0,0.359956838944302,0.964180123035182
ROI_045.dcc,0,0,0.179965008231249,0.195809832652998,0.273331734693474,0.0510774156386758,0.069220443785283,0.00034558211484718,0.148427657595729,0.0279401400178869,0.00870169393774365,0.00881323234906768,0.00634646631161952,0.00802692118602479,0,0,0,0.0219938714854017,0,0.475789017624867,0.941188646098362
ROI_046.dcc,0,0.00101840663232029,0.14830971842017,0.0656566902829789,0.236362156487842,0.142402194768683,0.0404903234321335,0.0467551295858439,0.149315549571718,0.00299372282570964,0,0.0134660898126659,0,0.0160102811859332,0.0142249837848816,0.0521746123112841,0.0511207119399257,0.0196994289579098,0,0.260444265681054,0.975228641844148
ROI_047.dcc,0.0377976660124477,0.00474440256334787,0,0,0.0399788783337326,0.0710808885335419,0.316405454569848,0,0.201072473475928,0.0017701396366571,0.0270006739834412,0.0562227898953151,0.0699983469401993,0,0,0.0524588301307299,0.0388630935331171,0.0826063623916947,0,0.419428236668619,0.913655993123942
ROI_048.dcc,0.0066885011420091,0.000352512844438789,0,0,0.084958877410337,0.0682993051368988,0.244688037716379,0,0.118701754667208,0,0.0211679963699012,0.0623935548398049,0.00524006994001758,0,0.050728072086875,0.198882645264312,0.0115047593421506,0.126393913239668,0,0.616195503730394,0.84367682194209
ROI_049.dcc,0.112434421631494,0,0.103109328705685,0,0.028097287593005,0.0277932967318271,0.0820243309908737,0.104281263256795,0.250236205683008,0,0.0226315183350289,0.0182404172684754,0.0118647912996597,0.00499900842336498,0,0.0542719027273259,0.0125518105677076,0.167464416785749,0,0.504945305713251,0.88020554112783
ROI_050.dcc,0,0.0412851601373638,0,0,0,0,0,0,0,0.342969142288922,0.119109856646371,0.0332293845667275,0,0.00424799931156625,0.19739662904332,0,0.101594149305183,0.160167678700547,0,0.441466359156396,0.902207895991275
ROI_051.dcc,0.0941076931469363,0,0,0,0.0433350374737786,0,0,0.0672821079219637,0,0.140093574405981,0.10001990862093,0.0129379538527017,0.113966466345479,0,0.328282770971913,0,0.00258678781099334,0.0973876994493229,0,0.419420128193428,0.917022975623404
ROI_052.dcc,0.0736268655744414,0.0119203000991695,0,0,0.02576720609714,0,0,0,0.124111259611526,0.198279040934171,0.055707104518784,0.000663570264427871,0,0.0115122526843659,0.220506996633558,0.16384767105988,0.0722011353747004,0.0418565971478371,0,0.20349036452848,0.982088700361857
ROI_053.dcc,0.438735696925448,0.000229784221238395,0,0,0.127610446341367,0,0.0345196453659031,0,0.0624713312899719,0,0.0412972895543268,0.00987295610815115,0.0290360156133459,0,0,0.0820478710709731,0,0.174178963509275,0,0.730885945065063,0.754073616163091
ROI_054.dcc,0.568242387913232,0,0,0,0.031261534396665,0,0,0,0.0442373889052533,0,0.0137772796950329,0,0.113725254798559,0,0.000445535045116978,0.00838059959462932,0,0.219930019651512,0,0.821198248179334,0.645936930407035
ROI_055.dcc,0.547388638570004,0.00561471148536789,0,0,0.0582245016331364,0.0457168693112577,0.000890495448584442,0,0.0799845123471502,0,0.0131608371731876,0,0.0715310212761339,0,0.0227616642934053,0,0,0.154726748461773,0,0.720803947295328,0.755704121171141
ROI_056.dcc,0,0.0111993312404426,0.0152644961190819,0.0205601471377935,0.101112945396351,0.0729607068646963,0.077611761849801,0,0.219014760499352,0,0.010881760358271,0.016032121666048,0.00600059899242638,0,0.0145187731105556,0.163109643401462,0.201924207937435,0.069808745426283,0,0.352999463729963,0.948212533710098
ROI_057.dcc,0.0755600295222849,0.065184638875728,0,0,0,0.0945256624723734,0.147334234532468,0,0.154777272405782,0.0290906559981766,0.0381288549546558,0.0340394763213385,0,0,0,0.10759639401883,0.221551322617754,0.0322114582806087,0,0.460756156889502,0.916794177562862
ROI_058.dcc,0,0.0532935759233164,0.050213401979889,0.10530488397943,0.0260751378843053,0.0527224103451562,0.115369058363412,0,0.327929049514958,0,0.00435069773717995,0.011522306033678,0,0,0,0.067596925660975,0.106312076932568,0.0793104756451324,0,0.29857810583148,0.959417182257082
ROI_059.dcc,0,0.00528599537962327,0,0,0.233351873691562,0,0,0,0,0.292209196606879,0.0245012835908844,0.015101223759249,0,0,0.077392481193953,0,0.0523749950869628,0.299782950690886,0,0.683098180654919,0.745805977542638
ROI_060.dcc,0,0.0514783474650104,0,0,0,0,0,0.0260972376505293,0.0376976713712592,0.165838072378884,0.065569570008641,0.0262447158976874,0,0,0,0,0.411816437919056,0.215257947308933,0,0.573565048413548,0.825853020620393
ROI_061.dcc,0,0.00725087274145252,0,0,0.036969743010323,0.0362643766453367,0,0.318073169955771,0,0.20156246569173,0,0.0273107212949056,0.00810633167336233,0.0869117134535795,0.0949815258140457,0,0.0574396812411263,0.125129398478367,0,0.304041175817737,0.952061524277211
ROI_062.dcc,0.271668342994598,0.0211804460520604,0,0,0.161693577337072,0,0.136009763965976,0,0.0527411590501205,0,0.0322696005517111,0.021364944172115,0.0532932441673127,0.0370959353273383,0.00938098255765427,0,0.13141888058295,0.0718831232410912,0,0.629821368044992,0.840063655883641
ROI_063.dcc,0.0567215075181979,0.0385716354551245,0,0.0503525675391509,0.177992634955118,0,0.162285094915724,0,0,0.0930425502790392,0.0166664549427331,0.0233358843576952,0,0.0100848372300666,0,0,0.324800306511813,0.046146526295337,0,0.397088890591458,0.929431757746545
ROI_064.dcc,0.162084547364654,0.0678180961263549,0.00933285624675619,0,0,0,0.0161038386474062,0,0,0.255491199200959,0.0299802435996412,0.0272631695259666,0,0,0,0,0.313530309194396,0.118395740093866,0,0.563781394227071,0.854596530770612
ROI_065.dcc,0.0484392248209344,0.00307361587326653,0,0,0.158819937744822,0.0319569181575022,0.0327297839175836,0.0349767613075021,0.20861438995502,0,0,0.0540848718394991,0.0917349638194671,0,0,0.202184729713918,0.0313991848331393,0.101985618017346,0,0.763942542138064,0.775882855671545
ROI_066.dcc,0.0444123658150394,0.00969481945166992,0,0,0.243220853218703,0.0185608696163257,0.0156521947280244,0,0.196830642142604,0,0,0.062204727031638,0.0199828153529917,0,0,0.185274683510457,0.132586483364552,0.0715795457679947,0,0.64824874404163,0.837952469799846
ROI_067.dcc,0.248017186865046,0.00635920351026928,0,0,0.101512582492457,0,0.0676301773752849,0.0016061984737775,0.21586950430001,0,0,0.0348847081790369,0.0784481227198927,0,0,0.0837835041148789,0.143301868829349,0.0185869431399983,0,0.735938562358879,0.800611241117125
ROI_068.dcc,0,0.00244216538383539,0.0337620457456826,0,0,0,0,0,0,0,0.0759645838566689,0.0134462907027373,0.0110203812651555,0,0.511335499071402,0.0592959443323058,0.226668494111892,0.06606459553032,0,0.348962682114368,0.947338051431838
ROI_069.dcc,0.100111430618914,0,0,0,0,0,0.0912809392417764,0,0.253632192019317,0,0.0723268561214513,0.172817590541722,0,0,0.212833303422973,0,0.0825180573917654,0.0144796306420808,0,0.340189741393309,0.981486801255785
ROI_070.dcc,0.035993585662023,0.00690424228502456,0.0384216266742347,0,0,0,0,0,0.238099183344182,0,0.0213854083785569,0.0101984550740374,0.0320876840957957,0,0.329300670890367,0.143675904389947,0.0893702803374966,0.054562958868335,0,0.144308396341077,0.988489139773969
ROI_071.dcc,0.0947417918414576,0.0175574204843003,0,0,0.183284537227728,0.0258434175599769,0.12628226590482,0,0.0998227527653092,0,0.000509873068537107,0.0368533126809864,0.0696147785568161,0,0.00222261873572498,0.176969175453152,0.14996590193858,0.0163321537826124,0,0.678349249641784,0.849915736490788
ROI_072.dcc,0.0979401705457712,0.00421949939946713,0.0359253220304202,0,0.0909712815380969,0.0024864715750879,0.119392595038227,0,0.0593092847154291,0.0398148677422704,0.00317669082554855,0.0434095814712996,0.195437912303689,0,0,0.200282589340724,0.0599569283535535,0.0476768051204166,0,0.751264451350314,0.756983501229963
ROI_073.dcc,0.184794496980976,0,0,0,0.152613793006432,0,0.0220841245232794,0,0.0668643808919551,0.0285923872004585,0.0029553576992618,0.040192971912117,0.107622058534893,0,0.0896041514539068,0.0962264317656068,0.0792148635671693,0.129234982463945,0,0.693494490584766,0.783014078363135
ROI_074.dcc,0.27858213849723,0,0,0,0.104426965065272,0,0.146528269594177,0,0.0647196478152834,0.0175361897925836,0,0.0236863169566824,0.176152153322974,0,0.043793636774219,0,0.0514565668009179,0.0931181153806614,0,0.797324575961658,0.72535799066807
ROI_075.dcc,0.0230791861191871,0.00123503269056671,0,0,0.15796542571224,0.0711576662242411,0.0806768090921405,0.0695952778865916,0.118117606793394,0.114990692296642,0,0.0506269652393849,0.0331279291165971,0,0,0.0434871333938699,0,0.235940275435145,0,0.785532203121592,0.701367768540842
ROI_076.dcc,0.104112754787595,0.0137784734135931,0,0,0,0.0251977712003403,0.0870377696992059,0.0238312533309143,0.346886744196363,0.027398868403532,0,0.0414291740841551,0.0821020050272169,0,0,0.14701636030995,0.00868030641312167,0.0925285191340133,0,0.571607963517378,0.864925324395528
ROI_077.dcc,0,0,0.102820664923975,0,0,0,0,0,0.26822899498053,0,0,0.023742352363859,0,0.129831347378225,0.270849192302511,0,0.0647488240821923,0.139778623968707,0,0.321469946822212,0.945573061804076
ROI_078.dcc,0.130562672624199,0.00869944880225077,0.00186244238836475,0,0,0,0,0,0.2475856175666,0.0293218026050108,0.0059944963253754,0.00198937036488146,0,0.012805949045712,0.323623104462496,0.118699453436387,0,0.118855642378723,0,0.62452221546732,0.877069021775829
ROI_079.dcc,0.102940154928746,0,0,0,0.0109430603790067,0,0,0,0,0.0754420618699439,0.0134673143837737,0,0.0679974364261356,0.11699698389025,0.312790516527579,0,0.14355092861631,0.155871542978255,0,0.279640612862914,0.960085752733518
ROI_080.dcc,0.394660752635044,0,0,0,0.0906790823059326,0.0125340528103931,0,0.0443864835480108,0.0964742688704052,0.0498647969380056,0,0.00626636751048828,0.147497944591082,0,0,0.0112506413926675,0,0.146385609397971,0,0.730268544831819,0.752337212680527
ROI_081.dcc,0.287444408101962,0,0,0,0.10103438107102,0,0,0.0311069525930223,0.0743342401414093,0,0.00308528173970646,0.0168673480001241,0.152419476448768,0,0.0382319293135312,0,0,0.295475982590457,0,0.880386516929119,0.556625440557945
ROI_082.dcc,0.0601817749027716,0,0.000479025374522607,0,0.0429771076922227,0,0.115906769156911,0,0.157968610994941,0.140924989509074,0.000664173799083909,0.0392201219662988,0,0,0,0.136855510663925,0.013879413818782,0.290942502121467,0,0.769792980383955,0.683374200429588
ROI_083.dcc,0.468449041152118,0.00359424863597012,0,0,0.087358255974745,0,0.0121336119172048,0,0,0.0593549477888247,0.00656950689583879,0,0.0192380652237979,0.0111288451900692,0.0844689383051978,0.0262865674880486,0.0445192904319158,0.176898680996269,0,0.662593625951903,0.792512010137755
ROI_084.dcc,0.0612259560896296,0,0,0,0.0633803623113458,0.11076255617159,0.21535526397409,0,0.0844319374847348,0.0451414499926958,0.0315476039965893,0.0284029067336179,0,0,0.200530664515756,0.0482496912118174,0.0920508835146088,0.0189207240035252,0,0.318662096285539,0.961549425791237
ROI_085.dcc,0.315862824848147,0,0,0,0.0958437453732263,0,0,0,0.0205500792605563,0.0147613382295335,0.0348376318678607,0.00490657789952295,0,0.0029443408868878,0.221528402282493,0.0139064062669558,0.0628380612010811,0.212020591883736,0,0.529152657358562,0.854916560798764
ROI_086.dcc,0,0.0186790588459064,0,0,0.0372360736536009,0,0,0,0.0197140361339035,0.251387246659351,0.0948536462230625,0.0312127292379225,0.031329351988404,0,0.412843559315525,0,0,0.102744297942324,0,0.235231942083689,0.970290773359646
ROI_087.dcc,0,0.0118560138417191,0,0.284704649712359,0,0,0,0,0,0.436527507984582,0.0430984393676037,0.00117613513522832,0.0201294437682635,0.0146589803370327,0,0,0,0.187848829853211,0,0.572211332686842,0.850767586299849
ROI_088.dcc,0,0,0,0,0.0053940156979475,0,0,0.031180076423308,0,0.0705078482310529,0.00603086128060807,0,0,0.0331567196156685,0.559560728963572,0.139854942445768,0.0485783263563241,0.105736480985751,0,0.355469741851314,0.947136326325483
ROI_089.dcc,0.208732363052973,0,0,0,0.129102052066221,0,0,0,0.215961399309674,0.0166642274174901,0.0433595330701691,0.0192729417372689,0,0.0119356454151292,0.0246851023776711,0.0387452877027366,0.0220716955899049,0.269469752260762,0,0.721232174046635,0.727193252287813
ROI_090.dcc,0.232429760552418,0,0,0,0.19834958557846,0,0,0,0.0298043503731721,0.013689884753444,0,0.0353047120012783,0,0.0587025254285577,0.0777273042224387,0.0257664324717857,0.0347794223237194,0.293446022294727,0,0.648257784567029,0.768307141661114
ROI_091.dcc,0.0931595194600985,0.0212065790027154,0,0.151909983359712,0.0363379713642149,0,0,0,0,0.0210973871624099,0,0.0217846028613018,0,0.0380557305928954,0,0.156936539812169,0,0.459511686384482,0,0.752303199018006,0.670211888303095
ROI_092.dcc,0.0126390509501651,0.00302140658238372,0.266985577307732,0.179600516987203,0.0687709888122795,0.121006231976995,0.225092489545684,0.010932446866107,0,0,0.01488510063651,0,0.0546990488650472,0,0,0,0.0223577631636636,0.0200093783062303,0,0.224209472787375,0.977839222155984
ROI_093.dcc,0.0990008325092255,0.0290795807575721,0,0.0240574726845534,0.0303123209637911,0,0.158481473602498,0,0.195226428317928,0.0920469242075551,0,0.0262830286805362,0.0210314208939838,0,0.0862371308274767,0,0.209399880866496,0.0288435056883835,0,0.393893663497958,0.937065407551364
ROI_142.dcc,0,0.022684031354144,0.170306873177677,0,0,0.0786245456382291,0,0,0,0.0134651873945548,0.0326646498022926,0,0.0667843741633251,0.00811561891811637,0,0,0.580892283890951,0.0264624356607108,0,0.278651278207892,0.95912255116017
ROI_143.dcc,0.00827729064806711,0.0216917392116815,0.137221176173251,0,0,0,0.111375080920642,0,0,0.232467952115032,0.0582659390429848,0.0154360814753747,0,0,0,0,0.415264740412967,0,0,0.207070794028837,0.97710240252982
ROI_144.dcc,0,0.103196793225724,0,0.186631781719977,0,0,0,0,0,0.0525531699195079,0.053313694269111,0,0.0527578305594653,0.0496518952801851,0,0,0.376919882527218,0.124974952498812,0,0.338798169333387,0.939696809377762
ROI_145.dcc,0.240790478889664,0,0,0,0,0,0,0,0.166378538427012,0.120902127448455,0,0.000348707042629088,0.0454062513356894,0,0,0,0.411603990911496,0.0145699059450545,0,0.278604976414429,0.9586408619339
ROI_146.dcc,0,0,0,0,0,0.0260559505431546,0,0.0287179700355628,0,0.17613085830744,0.0428416299711581,0.0447574238168519,0.0555161668283954,0,0,0,0.607647803875861,0.0183321966215759,0,0.26954334677812,0.96661048171083
ROI_147.dcc,0.376080953033892,0.0195945220192981,0.0544128928291186,0,0,0,0,0.0324379373068789,0.0993486910716933,0,0,0,0.0407215574395618,0,0,0,0.377403446299557,0,0,0.399781622034611,0.920565968914165
ROI_148.dcc,0.337730825640268,0,0,0,0,0.0326492262859504,0,0.249496782100884,0,0,0.177099620076562,0.0229522537780482,0,0,0,0,0.165582429438856,0.0144888626794321,0,0.027578697771379,1.03532554760238
ROI_149.dcc,0.472435114317043,0.00011462022891936,0,0,0,0.158364840954372,0,0.0718816703661291,0,0.153649736591242,0,0,0.0362260615351802,0.0117519250217286,0,0,0.081667570315809,0.013908460669577,0,0.0256126802876316,1.02679016277097
ROI_150.dcc,0.189776311916982,0,0.158791109018094,0,0,0.0341300314030192,0,0.115701500581693,0,0,0.182351623244797,0,0.0118818037944272,0.0416668286903911,0.126154058114316,0,0.139546733236282,0,0,-0.00580986472602599,1.02485842426698
ROI_151.dcc,0.294927374401919,0.104095789251352,0.0155504778691256,0,0,0.0822327280919296,0,0.0967731507341148,0,0.103195387301468,0.0804784332268822,0.00422450994269155,0.00948698405102525,0,0,0,0.168111648987221,0.0409235161422713,0,0.0610487390602336,1.01614995935343
ROI_152.dcc,0.420858864340291,0,0,0,0,0,0,0.232031070991822,0,0.174804067177131,0,0.00998377797342813,0,0.00686109214125026,0,0,0.109109114746062,0.0463520126300164,0,0.0179234730951683,1.02749325583509
ROI_153.dcc,0.139521419190046,0,0.186598079175436,0,0,0,0,0.02357709810452,0,0.259561823245944,0,0,0.0978596309894017,0,0.0398455175208394,0,0.241309923497593,0.0117265082762205,0,0.0177039253692037,1.01855210883846
ROI_154.dcc,0.142081236843092,0.0345349246114336,0.0336491595021679,0,0,0,0,0.125538810846639,0.0710286738800781,0,0,0.00815802713818939,0,0.0276821160096425,0.260279635432754,0,0.297047415736004,0,0,0.174605990833802,0.983358511626878
ROI_155.dcc,0.121890542122754,0.00155270840596699,0.265995966284143,0,0,0.143870469134001,0,0.286012243785847,0,0,0.0109721725137389,0,0.0588347539957485,0,0,0,0.0711590991395954,0.0397120446182041,0,0.0491906718426151,1.00513198119401
ROI_156.dcc,0.0319296540917436,0,0.115499159451315,0,0,0.0800998105139091,0,0,0,0.181922753972967,0,0,0.0551404643929745,0,0.236375054281244,0,0.291440432361374,0.00759267093447308,0,0.081134961463522,0.999822657408239
ROI_157.dcc,0.161800710953142,0,0,0.0222150434542245,0,0.124867791581144,0,0.11085549074417,0.0452313925922559,0,0,0,0.0215051705534515,0,0.173157638208923,0,0.295672282014637,0.0446944798980518,0,0.243664603533369,0.968933309406908
ROI_158.dcc,0.279858635208392,0,0.151642259285973,0,0,0.0598217238190881,0,0.146839477929471,0,0.053957776029831,0,0,0.000143244814918275,0.120416344736126,0,0,0.159615270389523,0.0277052677866787,0,0.121753483953631,0.996676966325419
ROI_159.dcc,0.196295932175491,0,0,0.0303529687779151,0,0.132473394389782,0,0.30449804673289,0,0.0915940290833118,0.117163196399504,0,0,0.0753442232585202,0,0,0.0510330056833782,0.00124520349920809,0,0.152816720053232,0.987812785119993
ROI_160.dcc,0,0.0304687469042168,0,0,0,0,0,0,0.136869960176897,0.09943849779968,0.231412738696297,0.0135620788012426,0.0744267593502075,0,0,0,0.413821218271459,0,0,0.0797384905266278,1.01737176262142
ROI_161.dcc,0.151218667641465,0.05785418692188,0,0,0.0415063583738198,0.0600507668244081,0,0,0,0,0.176789520542592,0,0.0885053061307548,0,0,0,0.401525652826764,0.0225495407383164,0,0.200576465175714,0.98351391140955
ROI_162.dcc,0,0,0,0,0.127111683652101,0.109717961375469,0,0.00377099677778445,0,0.207910868768749,0,0,0,0.114523396235728,0,0,0.436965093190168,0,0,0.151616753771163,0.989738358464301
ROI_163.dcc,0.0415227501805767,0.0173285472847247,0.165718154801067,0,0,0,0,0,0.255829122749503,0,0.108669909737788,0,0.107238412932885,0,0,0,0.303693102313456,0,0,0.0247210195783774,1.02025393712685
ROI_164.dcc,0,0,0.0214635067254236,0,0,0.348331943645657,0.113873363269163,0.183052758333038,0,0,0.0885240660664517,0.0296214844766559,0.0235012941252109,0.0247746205763805,0,0,0.166856962782019,0,0,-0.00576251977859859,1.01674796643081
ROI_165.dcc,0.0430130334038823,0,0.15724629598001,0.0539264362323546,0,0,0.17036992517273,0,0.184923962952196,0,0.0778410741834826,0,0.054518614440747,0,0,0,0.244054155717588,0.0141065019170093,0,0.113645603270191,0.994723789053126
ROI_166.dcc,0,0.00580298920460784,0.136604136858586,0,0,0,0,0,0.0703484256377674,0,0.0436460687282825,0.0441443296456691,0.00160642575617219,0,0.232246248854625,0,0.426535540784772,0.0390658345295186,0,0.243610657193405,0.969705951658998
ROI_167.dcc,0.161829988706588,0.0162854724500433,0.168020311354105,0,0,0.00891316161833679,0,0.013053973944939,0.0468861216546679,0,0.0371657904353283,0,0.0590761997525272,0,0.281571814247146,0,0.187592101791112,0.0196050640452074,0,0.108975042239881,0.996476784982178
ROI_168.dcc,0.0778954847224034,0.0101931221071237,0.112955979379335,0,0,0.0678150363914941,0,0.09692902677535,0,0,0.0337244440615199,0,0.0631561996016509,0,0.321790568116307,0,0.202669439962968,0.0128706988818479,0,0.138208506897533,0.989752954996271
ROI_169.dcc,0.180047304203369,0,0,0,0,0,0,0,0,0,0,0.0256697440196056,0,0,0.289404393619323,0,0.485865588519801,0.0190129696379007,0,0.138125442367224,1.00237727811124
ROI_170.dcc,0.12591884263316,0.00412667869181257,0,0,0,0,0,0,0.139483783477258,0,0.0146259767323515,0.00508479167201746,0.0165064155890756,0,0.447522206476765,0,0.234540015063046,0.0121912896645132,0,0.169345228397173,0.984431352324535
ROI_171.dcc,0.229541209018713,0.0138175353556561,0.0161438000455838,0,0,0,0,0,0,0,0.00520512158245904,0,0.0248834474376294,0,0.353088893448623,0,0.322746907098068,0.0345730860132674,0,0.143493219813051,0.991694142675741
ROI_172.dcc,0.0639099690154534,0.199595734301717,0,0.0195101922062453,0,0,0,0,0.0733202585653111,0,0.15576329192345,0.0058000768918114,0.0601953785872401,0,0,0,0.375109728986144,0.0467953695226289,0,0.412942734544927,0.910423265703996
ROI_173.dcc,0.300514773844859,0.077448252629007,0,0.0246307709561854,0.0274119762897027,0.0843726031295851,0.199088873612318,0,0.0887871184495873,0,0,0.0171084911385371,0.0629187050653073,0,0,0,0.0962042867869492,0.0215141480979624,0,0.266297913916653,0.962056028861108
ROI_174.dcc,0.15680856634104,0.0938736925548189,0,0,0,0,0,0,0.152593658695248,0,0.00917932424840428,0.00782387643818713,0,0,0.0189872876513101,0,0.518048041213519,0.0426855528574726,0,0.315833308755462,0.947185306025514
ROI_175.dcc,0,0.0554158126851694,0,0.0593115109949677,0.00435962467825445,0,0,0,0,0.0308251917473582,0,0.0152903370544359,0,0.125675239970307,0,0,0.674386594699613,0.0347356881698945,0,0.320870315296518,0.946948827240619
ROI_176.dcc,0.00355991209643312,0.00299073115703484,0.0585163225745262,0,0.0500371250970218,0.0666612347434677,0,0.0161431955077043,0,0,0,0,0.0647509512822699,0,0,0.113727683216771,0.588055223732707,0.0355576205920645,0,0.448818422755996,0.902180626587534
ROI_177.dcc,0.0611282061561606,0.0218349021879225,0,0,0,0,0.402004773671192,0,0.0247724211345676,0.263651806987028,0,0.0478836675575551,0.00933557160541814,0.0362661008303733,0.0321522043696866,0,0.0981170674174652,0.00285327808263097,0,0.132685589272137,0.993425914835702
ROI_178.dcc,0.0544746440781889,0.00141138117838586,0,0,0,0,0.167080464985443,0,0.333642349126978,0,0.0228007935315682,0.00456605664728441,0.0179570372811371,0,0.218212599306693,0,0.160118225782157,0.0197364480821651,0,0.0425970017503636,1.00155746071321
ROI_179.dcc,0.0633325795566964,0.00722809370254433,0.022581130671451,0,0,0,0,0,0.0916854990098837,0,0.046079703542198,0.0156511383051012,0.0158782484295556,0,0.459513414507826,0.0394738665430166,0.214341595993192,0.0242347297385354,0,0.0723901008482786,1.00108757316605
ROI_180.dcc,0.105429512518043,0.00827793412646979,0.0136878298106652,0,0,0,0.0646886829754422,0,0.262248246361176,0,0.0169589293889481,0,0.0218018458456464,0,0.204531202950742,0.135051321929132,0.157416996641127,0.00990749745260869,0,0.196653071968477,0.982587021752655
ROI_181.dcc,0.043361305460579,0.0107532859141413,0.0522851317292333,0,0,0,0.0442337985471846,0,0.254930102734719,0,0.0338681992238064,0,0.0186235408461322,0,0.320396052171139,0.0594625947125494,0.13163667875687,0.0304493099036458,0,0.148477552373321,0.988828828324804
ROI_182.dcc,0.103347345694066,0.0109611503519486,0.144196432367924,0,0,0,0,0,0.240805562470432,0,0.0299852320333997,0,0,0,0.340728741663574,0.0183134682664564,0.0835035235949203,0.0281585435572793,0,0.0768397146482027,0.997356703974483
ROI_183.dcc,0.0119970741290468,0.00848577612623581,0,0,0,0,0.115500894341634,0,0.167311305449395,0,0.022684062305636,0.00324920131518785,0.0265515244216921,0,0.231617915865833,0.200529358089253,0.186051292284476,0.0260215956716101,0,0.076485815405926,0.997618903813489
ROI_184.dcc,0.217369651890237,0.0189317774108621,0,0,0.145142168248805,0,0.0286005367273949,0,0.126461858249522,0.136035112492925,0,0.0271132573177574,0.00966311531056825,0,0,0,0.251305786034153,0.0393767363177744,0,0.466875679764677,0.906545941189895
ROI_185.dcc,0,0,0.00207313471982395,0,0.00591870717673229,0.162055772431281,0.110838190849013,0.0830222242841965,0.134535208280275,0.103552779734057,0,0.0160193033185976,0,0.0109520857088712,0,0.114958832530596,0.256073760966555,0,0,0.377494866066964,0.953824433907132
ROI_186.dcc,0,0.00627990168926869,0,0,0,0.109308720853725,0.120671375177539,0,0.0806231567469727,0,0,0.0284289834094803,0,0.0334718200393214,0,0.0295092261712153,0.586797373811344,0.00490944210113376,0,0.44767609124888,0.90280057476592
ROI_187.dcc,0.275639360605853,0.0135649411511705,0,0,0,0,0.0537351741567334,0,0.267186754681086,0,0,0.01266054070622,0.0600148105386013,0,0,0,0.317198418160336,0,0,0.359231897113717,0.935307571852595
ROI_188.dcc,0.166904714569888,0.0248275030286391,0,0,0,0,0,0,0.0549786934923923,0,0,0,0.18070576726916,0,0,0,0.572583321639921,0,0,0.509549095803218,0.869218531784614
ROI_189.dcc,0.00559830335062343,0.00285731034456465,0,0,0,0,0.0571009541915738,0,0.17502622251859,0,0.0106262832095868,0.0642566193220077,0,0,0.189713326616945,0.0947000619594341,0.369625005164505,0.0304959133221693,0,0.402124081626831,0.919308722371553
ROI_190.dcc,0,0,0,0,0.0553659703940576,0,0.122634084329412,0,0,0.217220180813106,0.0679987253430506,0.0195037257078552,0.172910172945487,0,0.28645046353454,0,0.045105556939317,0.0128111199931752,0,0.206115755874131,0.979137208624381
ROI_191.dcc,0,0.0165612369302319,0,0,0,0,0.0787915987905656,0,0,0.213863678644834,0.0394920055285402,0.0291662418569316,0.163491544758652,0,0.158413156959713,0.164498426834003,0.0720262665345187,0.0636958431620104,0,0.255790522477922,0.96547225836781
ROI_192.dcc,0,0.00464742903615329,0,0,0,0,0,0.0412373437713975,0.0235651185841681,0.136609051265335,0.114774894698987,0.0459503352858702,0.119432093512528,0,0.234867073060719,0.220489308701623,0.0245798175618832,0.033847534521335,0,0.190288876422641,0.985884942378069
ROI_193.dcc,0.108795711357042,0,0,0,0.0882936920747705,0.113928684154296,0,0.0921283029384188,0.101827990695247,0,0.0457463740107373,0.0490778899585901,0.0319462997427854,0,0,0.0310194319786273,0,0.337235623089486,0,0.668979208698081,0.747345344930619
ROI_194.dcc,0.0195976484356816,0,0.0573150899444233,0.035152958173209,0.237009348214034,0.0403457560050779,0.0709073072478907,0.0205731071504303,0.209784299244228,0.0444204979489373,0.0101388221113862,0.000997651445654508,0.0657341822912888,0,0,0.0968379556258784,0.0288905015130471,0.0622948746488332,0,0.536625684716624,0.924387885176619
ROI_195.dcc,0,0,0.186529920022746,0.0793816316900156,0.323810557314183,0.052760082716516,0.0898335938850354,0.00646098352984652,0.0630243685519132,0,0.0153152992926133,0,0.0815945951020281,0,0,0.0363794552863127,0.0242512068234877,0.0406583057853018,0,0.550966322733258,0.91895617077512
ROI_196.dcc,0,0.0449678881609197,0,0,0.0483051250096348,0.0811540962371702,0,0.111945244905942,0,0.106101687993712,0,0.0352250987865972,0.0515027433031405,0,0,0.060174728389874,0,0.46062338721301,0,0.719254527703484,0.709025685214767
ROI_197.dcc,0.119948873677339,0.00298636676109481,0,0,0.111148873410847,0.0508413817195503,0.100465650112186,0.0639046890506203,0.134026070860805,0,0,0.0296199859737971,0,0.00662300236202895,0,0.00617425741513957,0,0.374260848656591,0,0.727751206051995,0.692050269746185
ROI_198.dcc,0.095831841603786,0.00275786299841359,0.0110413052251027,0,0.0149831080928397,0.147520211169934,0.0047030384507569,0.0981661027863656,0.108516125792383,0.0211721858668077,0.000780748746260119,0.00978920181668365,0.0255839680744643,0,0,0,0.0211191068038994,0.438035192572304,0,0.707798733268676,0.714096878873785
ROI_199.dcc,0,0,0.270310421825903,0.150804490437821,0.242173830755494,0.125459301111188,0.0706924231566474,0.0457791269267539,0.0249151060135579,0,0.0124328854382395,0,0.0328121806169641,0,0,0,0.0126645492057756,0.011955684511655,0,0.412478390351885,0.9540006866002
ROI_200.dcc,0,0,0.22735828665633,0.159483876371219,0.302935097778543,0.0902802037901776,0.034219081176646,0.05167730858535,0.0191576395328442,0,0.0325211591724352,0,0.0295273008261246,0,0,0,0.0353140644998595,0.0175259816104704,0,0.3136810652332,0.965781763929872
ROI_201.dcc,0,0.0823722350759024,0.0166809298900621,0,0,0.09182888852162,0.0132810705727093,0.0645355633800003,0.117290235530046,0,0.0940076375738867,0.0190848331902099,0,0,0,0,0.249301733993145,0.251616872272419,0,0.525619755505618,0.851648007829405
ROI_202.dcc,0.0189453709077364,0.0157565685353664,0,0,0,0,0.0888019370103494,0,0,0.342056680091515,0.102281548422586,0.00648463211593001,0.0104669376543039,0,0,0.338642959317918,0.0331034681253991,0.0434598978188961,0,0.112016802562719,0.993107093790347
ROI_203.dcc,0.0612296349238326,0,0,0,0,0.00379302186212681,0.0738636787306978,0,0.134272728088272,0,0.253311364828856,0.0240123058276025,0,0,0.32067925619588,0.0222056162090079,0.0259456602826179,0.0806867330511059,0,0.129067130287594,0.997695112138919
ROI_204.dcc,0.00198629905984867,0.036600815147647,0,0,0,0,0.0946099769526668,0.0213752442889397,0.34046844201862,0.454611806790446,0,0.0408776550497878,0,0,0,0,0.00946976069204377,0,0,0.145553491428035,0.989402871227029
ROI_205.dcc,0,0,0,0,0.18767140126854,0,0,0,0.234625536146415,0.123788388112208,0,0.0384261822080017,0,0,0,0.243925871338347,0.0465616336698202,0.125000987256669,0,0.525111562558067,0.889118171561645
ROI_206.dcc,0.589060162309921,0.0226496725590707,0,0,0,0,0.0660124529819232,0,0,0.0561737938954351,0,0,0.00830403112779078,0,0,0,0.0500341659701511,0.207765721155708,0,0.475137510942709,0.880961960185083
ROI_207.dcc,0,0.0287742381132407,0,0,0.255354642056051,0.087926950773654,0.0213397329945194,0.211954246956423,0.128401148941831,0,0.00152785853786858,0.0211639078466807,0,0,0,0,0.0964903496627505,0.14706692411698,0,0.442868155283254,0.908932581486749
ROI_208.dcc,0,0,0.0901489058219059,0,0.160147743163095,0.214892709782633,0.174767010419278,0.0713981562837985,0.0600755498697381,0,0,0.0215017597142589,0.00539973178134577,0,0,0.0680950904689419,0.0290525713469036,0.104520771348101,0,0.504749544775271,0.910981422408708
ROI_209.dcc,0.106966470725854,0.0160825250513125,0,0,0.0624038802372399,0.157794241140159,0.25649862087991,0,0.0728024589183102,0,0.0239644391881305,0.0294233716659776,0,0,0,0.152488695923628,0.034421878501654,0.0871534177678249,0,0.436191681999914,0.924042861228324
ROI_210.dcc,0.205815946270419,0.00856731108599369,0,0,0.117525566467398,0,0.0839692895298517,0,0.0616183704516902,0.128600183209665,0,0.0221448010520587,0.0105104059742052,0,0,0.113448085897776,0.00537583349312741,0.242424206567816,0,0.633802042400471,0.793437295996399
ROI_211.dcc,0.0758434651049449,0,0,0,0.0763259153747673,0.132417464556114,0.0312713541699088,0.0951001214339216,0.224963496200087,0,0.00852757722269209,0.0610278503428381,0.0153538801035927,0,0,0.121977717003397,0.0837809020455044,0.0734102564422323,0,0.405048977456393,0.920317808587501
ROI_212.dcc,0.0347012833424128,0.0188151640637688,0.029439476589938,0,0.0806346168992987,0.186081701749217,0.161188411399372,0.0922224017772614,0.179752142198629,0.0129673860958034,0.00427752176786171,0.0175182903715381,0.022969289737758,0,0,0,0.102908134656782,0.0565241793503602,0,0.454378815136304,0.936974021355041
ROI_213.dcc,0,0,0,0.00793120785093458,0.0707505596919959,0,0,0.27117999260834,0.237411927614132,0.0901299906164367,0.0174669952975484,0.0233075753683746,0.0195759488559095,0,0,0,0,0.262245802096329,0,0.449187243937524,0.892080707475033
ROI_214.dcc,0,0.0134743618046322,0,0,0,0.158251846764001,0,0.284085517232306,0,0,0,0.0527832570635715,0,0.0185823946094393,0.0363602840053191,0.196863346226014,0,0.239598992294717,0,0.348333513152571,0.941085056427262
ROI_215.dcc,0,0.00550288763818101,0.0403120117210759,0.0137078325064758,0,0.221025094946067,0.199371822437658,0.0531633235104677,0,0,0,0.00952228725621965,0.13495207802961,0,0,0.0490068609262433,0,0.273435801028001,0,0.529574255916543,0.847872425002214
ROI_216.dcc,0.116544168291585,0,0.00783143051772921,0,0.0756123097899795,0,0,0.0289194055780189,0.16623682618102,0.117057276161085,0.00897392407129167,0.00119419676746178,0.00623235696649987,0,0,0.0800712829198892,0,0.39132682275544,0,0.641747517723346,0.770298095393013
ROI_217.dcc,0,0.000390624918784876,0,0.123515576071917,0.00606029113867796,0.197255979663633,0,0.194708002274173,0,0.0515665485030187,0,0.0161080329801206,0,0,0,0,0,0.410394944449675,0,0.652171640664118,0.762456330268569
ROI_218.dcc,0.0266670756236138,0,0,0,0.171224574233077,0.175377355390461,0,0.23570672425455,0,0.011403087634249,0.00729181861295812,0.0150787265731284,0,0,0.00114876339894689,0,0,0.356101874279015,0,0.662530540868749,0.750437301972654
ROI_219.dcc,0.0547942596737349,0,0.0749473951911475,0,0.108277052507033,0.0776222038947269,0.00978637037194467,0.0147744935954161,0.213311102351597,0.222805843000606,0.0433532526778674,0.0159643704598971,0,0,0,0,0.0601934748552301,0.104170181420799,0,0.379359069413464,0.937319895924829
